--------------------------------------------------------
--  File created - понедельник-марта-11-2019   
--------------------------------------------------------
--------------------------------------------------------
--  DDL for Sequence AUTO_SEQ
--------------------------------------------------------


  CREATE TABLE "ROOT"."REGIONS" 
   (	"ID" NUMBER, 
	"NAME" VARCHAR2(20 BYTE)
   ) SEGMENT CREATION IMMEDIATE 
  PCTFREE 10 PCTUSED 40 INITRANS 1 MAXTRANS 255 NOCOMPRESS LOGGING
  STORAGE(INITIAL 65536 NEXT 1048576 MINEXTENTS 1 MAXEXTENTS 2147483645
  PCTINCREASE 0 FREELISTS 1 FREELIST GROUPS 1 BUFFER_POOL DEFAULT FLASH_CACHE DEFAULT CELL_FLASH_CACHE DEFAULT)
  TABLESPACE "SYSTEM" ;
--------------------------------------------------------
--  DDL for Table MANAGERS
--------------------------------------------------------

  CREATE TABLE "ROOT"."MANAGERS" 
   (	"ID" NUMBER, 
	"NAME" VARCHAR2(20 BYTE), 
	"REGIONID" NUMBER
   ) SEGMENT CREATION IMMEDIATE 
  PCTFREE 10 PCTUSED 40 INITRANS 1 MAXTRANS 255 NOCOMPRESS LOGGING
  STORAGE(INITIAL 65536 NEXT 1048576 MINEXTENTS 1 MAXEXTENTS 2147483645
  PCTINCREASE 0 FREELISTS 1 FREELIST GROUPS 1 BUFFER_POOL DEFAULT FLASH_CACHE DEFAULT CELL_FLASH_CACHE DEFAULT)
  TABLESPACE "SYSTEM" ;
--------------------------------------------------------
--  DDL for Table SALES
--------------------------------------------------------

  CREATE TABLE "ROOT"."SALES" 
   (	"ID" NUMBER, 
	"SALEDATE" DATE, 
	"MANAGERID" NUMBER, 
	"SALESUMM" NUMBER(11,2)
   ) SEGMENT CREATION IMMEDIATE 
  PCTFREE 10 PCTUSED 40 INITRANS 1 MAXTRANS 255 NOCOMPRESS LOGGING
  STORAGE(INITIAL 65536 NEXT 1048576 MINEXTENTS 1 MAXEXTENTS 2147483645
  PCTINCREASE 0 FREELISTS 1 FREELIST GROUPS 1 BUFFER_POOL DEFAULT FLASH_CACHE DEFAULT CELL_FLASH_CACHE DEFAULT)
  TABLESPACE "SYSTEM" ;
REM INSERTING into ROOT.REGIONS
SET DEFINE OFF;
Insert into ROOT.REGIONS (ID,NAME) values ('10','Nevada');
Insert into ROOT.REGIONS (ID,NAME) values ('20','Nebraska');
Insert into ROOT.REGIONS (ID,NAME) values ('30','Florida');
Insert into ROOT.REGIONS (ID,NAME) values ('40','Europe');
REM INSERTING into ROOT.MANAGERS
SET DEFINE OFF;
Insert into ROOT.MANAGERS (ID,NAME,REGIONID) values ('10','John Smith','10');
Insert into ROOT.MANAGERS (ID,NAME,REGIONID) values ('20','Eva Lilova','10');
Insert into ROOT.MANAGERS (ID,NAME,REGIONID) values ('30','Brian Hask','20');
Insert into ROOT.MANAGERS (ID,NAME,REGIONID) values ('40','Michel Rain','20');
Insert into ROOT.MANAGERS (ID,NAME,REGIONID) values ('50','Eleonora More','30');
REM INSERTING into ROOT.SALES
SET DEFINE OFF;
Insert into ROOT.SALES (ID,SALEDATE,MANAGERID,SALESUMM) values ('1',to_date('01.03.19','DD.MM.RR'),'10','10000');
Insert into ROOT.SALES (ID,SALEDATE,MANAGERID,SALESUMM) values ('2',to_date('02.03.19','DD.MM.RR'),'10','20000');
Insert into ROOT.SALES (ID,SALEDATE,MANAGERID,SALESUMM) values ('3',to_date('02.03.19','DD.MM.RR'),'20','30000');
Insert into ROOT.SALES (ID,SALEDATE,MANAGERID,SALESUMM) values ('4',to_date('03.03.19','DD.MM.RR'),'20','50000');
Insert into ROOT.SALES (ID,SALEDATE,MANAGERID,SALESUMM) values ('5',to_date('04.03.19','DD.MM.RR'),'30','25000');
Insert into ROOT.SALES (ID,SALEDATE,MANAGERID,SALESUMM) values ('6',to_date('06.03.19','DD.MM.RR'),'30','25000');
Insert into ROOT.SALES (ID,SALEDATE,MANAGERID,SALESUMM) values ('7',to_date('06.03.19','DD.MM.RR'),'30','10000');
--------------------------------------------------------
--  DDL for Index MANAGERS_PK
--------------------------------------------------------

  CREATE UNIQUE INDEX "ROOT"."MANAGERS_PK" ON "ROOT"."MANAGERS" ("ID") 
  PCTFREE 10 INITRANS 2 MAXTRANS 255 
  STORAGE(INITIAL 65536 NEXT 1048576 MINEXTENTS 1 MAXEXTENTS 2147483645
  PCTINCREASE 0 FREELISTS 1 FREELIST GROUPS 1 BUFFER_POOL DEFAULT FLASH_CACHE DEFAULT CELL_FLASH_CACHE DEFAULT)
  TABLESPACE "SYSTEM" ;
--------------------------------------------------------
--  DDL for Index REGIONS_PK
--------------------------------------------------------

  CREATE UNIQUE INDEX "ROOT"."REGIONS_PK" ON "ROOT"."REGIONS" ("ID") 
  PCTFREE 10 INITRANS 2 MAXTRANS 255 
  STORAGE(INITIAL 65536 NEXT 1048576 MINEXTENTS 1 MAXEXTENTS 2147483645
  PCTINCREASE 0 FREELISTS 1 FREELIST GROUPS 1 BUFFER_POOL DEFAULT FLASH_CACHE DEFAULT CELL_FLASH_CACHE DEFAULT)
  TABLESPACE "SYSTEM" ;
--------------------------------------------------------
--  DDL for Index SALES_PK
--------------------------------------------------------

  CREATE UNIQUE INDEX "ROOT"."SALES_PK" ON "ROOT"."SALES" ("ID") 
  PCTFREE 10 INITRANS 2 MAXTRANS 255 
  STORAGE(INITIAL 65536 NEXT 1048576 MINEXTENTS 1 MAXEXTENTS 2147483645
  PCTINCREASE 0 FREELISTS 1 FREELIST GROUPS 1 BUFFER_POOL DEFAULT FLASH_CACHE DEFAULT CELL_FLASH_CACHE DEFAULT)
  TABLESPACE "SYSTEM" ;
--------------------------------------------------------
--  Constraints for Table REGIONS
--------------------------------------------------------

  ALTER TABLE "ROOT"."REGIONS" ADD CONSTRAINT "REGIONS_PK" PRIMARY KEY ("ID")
  USING INDEX PCTFREE 10 INITRANS 2 MAXTRANS 255 
  STORAGE(INITIAL 65536 NEXT 1048576 MINEXTENTS 1 MAXEXTENTS 2147483645
  PCTINCREASE 0 FREELISTS 1 FREELIST GROUPS 1 BUFFER_POOL DEFAULT FLASH_CACHE DEFAULT CELL_FLASH_CACHE DEFAULT)
  TABLESPACE "SYSTEM"  ENABLE;
  ALTER TABLE "ROOT"."REGIONS" MODIFY ("NAME" NOT NULL ENABLE);
  ALTER TABLE "ROOT"."REGIONS" MODIFY ("ID" NOT NULL ENABLE);
--------------------------------------------------------
--  Constraints for Table MANAGERS
--------------------------------------------------------

  ALTER TABLE "ROOT"."MANAGERS" MODIFY ("REGIONID" NOT NULL ENABLE);
  ALTER TABLE "ROOT"."MANAGERS" ADD CONSTRAINT "MANAGERS_PK" PRIMARY KEY ("ID")
  USING INDEX PCTFREE 10 INITRANS 2 MAXTRANS 255 
  STORAGE(INITIAL 65536 NEXT 1048576 MINEXTENTS 1 MAXEXTENTS 2147483645
  PCTINCREASE 0 FREELISTS 1 FREELIST GROUPS 1 BUFFER_POOL DEFAULT FLASH_CACHE DEFAULT CELL_FLASH_CACHE DEFAULT)
  TABLESPACE "SYSTEM"  ENABLE;
  ALTER TABLE "ROOT"."MANAGERS" MODIFY ("NAME" NOT NULL ENABLE);
  ALTER TABLE "ROOT"."MANAGERS" MODIFY ("ID" NOT NULL ENABLE);
--------------------------------------------------------
--  Constraints for Table SALES
--------------------------------------------------------

  ALTER TABLE "ROOT"."SALES" ADD CONSTRAINT "SALES_PK" PRIMARY KEY ("ID")
  USING INDEX PCTFREE 10 INITRANS 2 MAXTRANS 255 
  STORAGE(INITIAL 65536 NEXT 1048576 MINEXTENTS 1 MAXEXTENTS 2147483645
  PCTINCREASE 0 FREELISTS 1 FREELIST GROUPS 1 BUFFER_POOL DEFAULT FLASH_CACHE DEFAULT CELL_FLASH_CACHE DEFAULT)
  TABLESPACE "SYSTEM"  ENABLE;
  ALTER TABLE "ROOT"."SALES" MODIFY ("SALESUMM" NOT NULL ENABLE);
  ALTER TABLE "ROOT"."SALES" MODIFY ("MANAGERID" NOT NULL ENABLE);
  ALTER TABLE "ROOT"."SALES" MODIFY ("SALEDATE" NOT NULL ENABLE);
  ALTER TABLE "ROOT"."SALES" MODIFY ("ID" NOT NULL ENABLE);
--------------------------------------------------------
--  Ref Constraints for Table MANAGERS
--------------------------------------------------------

  ALTER TABLE "ROOT"."MANAGERS" ADD CONSTRAINT "MANAGERS_FK1" FOREIGN KEY ("REGIONID")
	  REFERENCES "ROOT"."REGIONS" ("ID") ENABLE;
--------------------------------------------------------
--  Ref Constraints for Table SALES
--------------------------------------------------------

  ALTER TABLE "ROOT"."SALES" ADD CONSTRAINT "SALES_FK1" FOREIGN KEY ("MANAGERID")
	  REFERENCES "ROOT"."MANAGERS" ("ID") ON DELETE CASCADE ENABLE;
